{
  "duration": 30.226972,
  "version": 1,
  "stdout": [
    [
      0.153936,
      "\u001b[1m\u001b[7m%\u001b[27m\u001b[1m\u001b[0m                                                                                                                                                                                            \r \r"
    ],
    [
      4.4e-05,
      "\u001b]2;miczi@miczi: ~/Projects/column_rainbower\u0007\u001b]1;..umn_rainbower\u0007"
    ],
    [
      0.066423,
      "\r\u001b[0m\u001b[27m\u001b[24m\u001b[J\u001b[39m\u001b[0m\u001b[49m\u001b[40m\u001b[39m miczi@miczi \u001b[44m\u001b[30m\u001b[30m ~/Projects/column_rainbower \u001b[42m\u001b[34m\u001b[30m  master \u001b[49m\u001b[32m\u001b[39m \u001b[K"
    ],
    [
      0.000144,
      "\u001b[?1h\u001b="
    ],
    [
      0.00025,
      "\u001b[?2004h"
    ],
    [
      1.62279,
      "\u001b[32masciinema\u001b[39m rec"
    ],
    [
      0.352877,
      "\u001b[13D\u001b[4m\u001b[32ms\u001b[4m\u001b[32mu\u001b[4m\u001b[32md\u001b[4m\u001b[32mo\u001b[24m\u001b[39m\u001b[39m \u001b[32ma\u001b[32mp\u001b[32mt\u001b[39m\u001b[39m install asciinema"
    ],
    [
      0.685698,
      "\u001b[26D\u001b[24m\u001b[32ml\u001b[24m\u001b[32ms\u001b[39m\u001b[24m\u001b[39m \u001b[24m\u001b[39m-a\u001b[39ml\u001b[39m \u001b[39m| \u001b[32ma\u001b[32mw\u001b[32mk\u001b[39m -f \u001b[4mc\u001b[4mo\u001b[4ml\u001b[4mu\u001b[4mm\u001b[4mn\u001b[4m_\u001b[4mr\u001b[4ma\u001b[4mi\u001b[4mnbower.awk\u001b[24m"
    ],
    [
      0.787281,
      "\u001b[30D\u001b[1m\u001b[30m \u001b[1m\u001b[30m|\u001b[1m\u001b[30m \u001b[1m\u001b[30ma\u001b[1m\u001b[30mw\u001b[1m\u001b[30mk\u001b[1m\u001b[30m \u001b[1m\u001b[30m-\u001b[1m\u001b[30mf\u001b[1m\u001b[30m \u001b[24m\u001b[1m\u001b[30mc\u001b[24m\u001b[1m\u001b[30mo\u001b[24m\u001b[1m\u001b[30ml\u001b[24m\u001b[1m\u001b[30mu\u001b[24m\u001b[1m\u001b[30mm\u001b[24m\u001b[1m\u001b[30mn\u001b[24m\u001b[1m\u001b[30m_\u001b[24m\u001b[1m\u001b[30mr\u001b[24m\u001b[1m\u001b[30ma\u001b[24m\u001b[1m\u001b[30mi\u001b[24m\u001b[1m\u001b[30mn\u001b[24m\u001b[1m\u001b[30mb\u001b[24m\u001b[1m\u001b[30mo\u001b[24m\u001b[1m\u001b[30mw\u001b[24m\u001b[1m\u001b[30me\u001b[24m\u001b[1m\u001b[30mr\u001b[24m\u001b[1m\u001b[30m.\u001b[24m\u001b[1m\u001b[30ma\u001b[24m\u001b[1m\u001b[30mw\u001b[24m\u001b[1m\u001b[30mk\u001b[0m\u001b[39m\u001b[30D"
    ],
    [
      0.823519,
      "\u001b[0m\u001b[39m \u001b[0m\u001b[39m \u001b[0m\u001b[39m \u001b[0m\u001b[39m \u001b[0m\u001b[39m \u001b[0m\u001b[39m \u001b[0m\u001b[39m \u001b[0m\u001b[39m \u001b[0m\u001b[39m \u001b[0m\u001b[39m \u001b[0m\u001b[39m \u001b[0m\u001b[39m \u001b[0m\u001b[39m \u001b[0m\u001b[39m \u001b[0m\u001b[39m \u001b[0m\u001b[39m \u001b[0m\u001b[39m \u001b[0m\u001b[39m \u001b[0m\u001b[39m \u001b[0m\u001b[39m \u001b[0m\u001b[39m \u001b[0m\u001b[39m \u001b[0m\u001b[39m \u001b[0m\u001b[39m \u001b[0m\u001b[39m \u001b[0m\u001b[39m \u001b[0m\u001b[39m \u001b[0m\u001b[39m \u001b[0m\u001b[39m \u001b[0m\u001b[39m \u001b[30D"
    ],
    [
      0.000206,
      "\u001b[?1l\u001b>"
    ],
    [
      0.002561,
      "\u001b[?2004l\r\r\n"
    ],
    [
      0.000625,
      "\u001b]2;ls --color=tty -al\u0007\u001b]1;ls\u0007"
    ],
    [
      0.003302,
      "total 16\r\ndrwxrwxr-x 3 miczi miczi 4096 wrz 14 12:41 \u001b[0m\u001b[01;34m.\u001b[0m\r\ndrwxrwxr-x 6 miczi miczi 4096 wrz 14 12:41 \u001b[01;34m..\u001b[0m\r\n"
    ],
    [
      6.1e-05,
      "-rwxr-xr-x 1 miczi miczi  840 wrz 14 12:41 \u001b[01;32mcolumn_rainbower.awk\u001b[0m\r\ndrwxrwxr-x 7 miczi miczi 4096 wrz 14 12:43 \u001b[01;34m.git\u001b[0m\r\n"
    ],
    [
      0.000329,
      "\u001b[1m\u001b[7m%\u001b[27m\u001b[1m\u001b[0m                                                                                                                                                                                            \r \r"
    ],
    [
      0.000166,
      "\u001b]2;miczi@miczi: ~/Projects/column_rainbower\u0007"
    ],
    [
      3.6e-05,
      "\u001b]1;..umn_rainbower\u0007"
    ],
    [
      0.059501,
      "\r\u001b[0m\u001b[27m\u001b[24m\u001b[J\u001b[39m\u001b[0m\u001b[49m\u001b[40m\u001b[39m miczi@miczi \u001b[44m\u001b[30m\u001b[30m ~/Projects/column_rainbower \u001b[42m\u001b[34m\u001b[30m  master \u001b[49m\u001b[32m\u001b[39m \u001b[K"
    ],
    [
      3.9e-05,
      "\u001b[?1h\u001b="
    ],
    [
      0.00035,
      "\u001b[?2004h"
    ],
    [
      2.062525,
      "\u001b[1m\u001b[31mt\u001b[0m\u001b[39m"
    ],
    [
      0.086674,
      "\b\u001b[1m\u001b[31mt\u001b[1m\u001b[31mh\u001b[0m\u001b[39m"
    ],
    [
      0.324044,
      "\b\b\u001b[1m\u001b[31mt\u001b[1m\u001b[31mh\u001b[1m\u001b[31ma\u001b[0m\u001b[39m"
    ],
    [
      0.267947,
      "\b\u001b[1m\u001b[31ma\u001b[1m\u001b[31mt\u001b[0m\u001b[39m"
    ],
    [
      0.204802,
      "\b\u001b[1m\u001b[31mt\u001b[1m\u001b[31m'\u001b[0m\u001b[39m"
    ],
    [
      0.751262,
      "\b\u001b[1m\u001b[31m'\u001b[1m\u001b[31ms\u001b[0m\u001b[39m"
    ],
    [
      0.231958,
      "\b\u001b[1m\u001b[31ms\u001b[1m\u001b[31m \u001b[0m\u001b[39m"
    ],
    [
      0.27201,
      "\b\u001b[1m\u001b[31m \u001b[1m\u001b[31mn\u001b[0m\u001b[39m"
    ],
    [
      0.13225,
      "\b\u001b[1m\u001b[31mn\u001b[1m\u001b[31mo\u001b[0m\u001b[39m"
    ],
    [
      0.095836,
      "\b\u001b[1m\u001b[31mo\u001b[1m\u001b[31mr\u001b[0m\u001b[39m"
    ],
    [
      0.183981,
      "\b\u001b[1m\u001b[31mr\u001b[1m\u001b[31mm\u001b[0m\u001b[39m"
    ],
    [
      0.18832,
      "\b\u001b[1m\u001b[31mm\u001b[1m\u001b[31ma\u001b[0m\u001b[39m"
    ],
    [
      0.151681,
      "\b\u001b[1m\u001b[31ma\u001b[1m\u001b[31ml\u001b[0m\u001b[39m"
    ],
    [
      0.184099,
      "\b\u001b[1m\u001b[31ml\u001b[1m\u001b[31m \u001b[0m\u001b[39m"
    ],
    [
      0.220002,
      "\b\u001b[1m\u001b[31m \u001b[1m\u001b[31mo\u001b[0m\u001b[39m"
    ],
    [
      0.079996,
      "\b\u001b[1m\u001b[31mo\u001b[1m\u001b[31mu\u001b[0m\u001b[39m"
    ],
    [
      0.143688,
      "\b\u001b[1m\u001b[31mu\u001b[1m\u001b[31mt\u001b[0m\u001b[39m"
    ],
    [
      0.108395,
      "\b\u001b[1m\u001b[31mt\u001b[1m\u001b[31mp\u001b[0m\u001b[39m"
    ],
    [
      0.191902,
      "\b\u001b[1m\u001b[31mp\u001b[1m\u001b[31mu\u001b[0m\u001b[39m"
    ],
    [
      0.100867,
      "\b\u001b[1m\u001b[31mu\u001b[1m\u001b[31mt\u001b[0m\u001b[39m"
    ],
    [
      1.011302,
      "\b\u001b[1m\u001b[31mt\u001b[1m\u001b[31m,\u001b[0m\u001b[39m"
    ],
    [
      0.187992,
      "\b\u001b[1m\u001b[31m,\u001b[1m\u001b[31m \u001b[0m\u001b[39m"
    ],
    [
      0.031221,
      "\b\u001b[1m\u001b[31m \u001b[1m\u001b[31mr\u001b[0m\u001b[39m"
    ],
    [
      0.136779,
      "\b\u001b[1m\u001b[31mr\u001b[1m\u001b[31mi\u001b[0m\u001b[39m"
    ],
    [
      0.071323,
      "\b\u001b[1m\u001b[31mi\u001b[1m\u001b[31mg\u001b[0m\u001b[39m"
    ],
    [
      0.112645,
      "\b\u001b[1m\u001b[31mg\u001b[1m\u001b[31mh\u001b[0m\u001b[39m"
    ],
    [
      0.07207,
      "\b\u001b[1m\u001b[31mh\u001b[1m\u001b[31mt\u001b[0m\u001b[39m"
    ],
    [
      0.220044,
      "\b\u001b[1m\u001b[31mt\u001b[1m\u001b[31m?\u001b[0m\u001b[39m"
    ],
    [
      0.152081,
      "\u001b[?1l\u001b>"
    ],
    [
      0.003078,
      "\u001b[?2004l\r\r\n"
    ],
    [
      9.6e-05,
      "\r\u001b[0m\u001b[27m\u001b[24m\u001b[Jquote> \u001b[K"
    ],
    [
      0.000201,
      "\u001b[?1h\u001b="
    ],
    [
      0.003643,
      "\u001b[?2004h"
    ],
    [
      1.272952,
      "\u001b[?2004l\r\r\n\u001b[1m\u001b[7m%\u001b[27m\u001b[1m\u001b[0m                                                                                                                                                                                            \r \r\u001b]2;miczi@miczi: ~/Projects/column_rainbower\u0007\u001b]1;..umn_rainbower\u0007"
    ],
    [
      0.065274,
